check,config,wf_auc,ic_mean,nw_sharpe_net,gross_sharpe,net_spread_bps,max_dd_net,avg_turnover,auc_ok,ic_ok,sharpe_ok
cost_sensitivity,cost_10bps,0.5343335728703908,0.07203094009988997,4.244170068887954,7.431915160096601,114.63422930757646,-0.2903617853050554,0.5410931174089069,,,
cost_sensitivity,cost_20bps,0.5343335728703908,0.07203094009988997,3.8377272415613795,7.431915160096601,103.83422930757645,-0.3147636331783181,0.5410931174089069,,,
cost_sensitivity,cost_30bps,0.5343335728703908,0.07203094009988997,3.4325247605443296,7.431915160096601,93.03422930757645,-0.33835420191445653,0.5410931174089069,,,
portfolio_size,top_10,0.5343335728703908,0.07203094009988997,4.074268333489022,6.9625439456701645,137.20229413838632,-0.31656713390949187,0.5718623481781376,,,
portfolio_size,top_20,0.5343335728703908,0.07203094009988997,4.244170068887954,7.431915160096601,114.63422930757646,-0.2903617853050554,0.5410931174089069,,,
portfolio_size,top_40,0.5343335728703908,0.07203094009988997,4.519911884528152,8.15289975766574,96.37021885860146,-0.19348494000278926,0.4980769230769231,,,
liquidity_filter,liquidity_filtered,0.5344030423061261,0.0709272494849124,3.8053372689919893,6.8802152373011465,108.63304914988764,-0.33398783000245447,0.5363866396761134,,,
randomized_labels,randomized_labels,0.5020984453900211,-0.0021539826334390113,-0.7061756901769667,0.7898461936905492,-8.461262359823591,-0.5410670350005075,0.8254048582995951,True,True,False
