{
  "bear_high_vol": {
    "ic_mean": 0.17070937281234597,
    "ic_std": 0.17523926543866655,
    "n_days": 10
  },
  "bull_high_vol": {
    "ic_mean": 0.07271311250107886,
    "ic_std": 0.0895714675056799,
    "n_days": 71
  },
  "bull_low_vol": {
    "ic_mean": 0.03222233056285659,
    "ic_std": 0.1046910229071964,
    "n_days": 342
  },
  "sideways": {
    "ic_mean": 0.07361639362053743,
    "ic_std": 0.17861267181650817,
    "n_days": 14
  }
}