{
  "high_vol": {
    "ic_mean": 0.06916282761097846,
    "ic_std": 0.11017189719470538,
    "n_days": 144
  },
  "low_vol": {
    "ic_mean": 0.024165301884599165,
    "ic_std": 0.11624538493157682,
    "n_days": 145
  },
  "mid_vol": {
    "ic_mean": 0.03687145492997812,
    "ic_std": 0.0986866040416744,
    "n_days": 148
  }
}